<?xml version="1.0" encoding="UTF-8"?>
<beans:beans xmlns="http://www.springframework.org/schema/mvc"
	xmlns:xsi="http://www.w3.org/2001/XMLSchema-instance"
	xmlns:beans="http://www.springframework.org/schema/beans"
	xmlns:context="http://www.springframework.org/schema/context"
	xsi:schemaLocation="http://www.springframework.org/schema/mvc http://www.springframework.org/schema/mvc/spring-mvc.xsd
		http://www.springframework.org/schema/beans http://www.springframework.org/schema/beans/spring-beans.xsd
		http://www.springframework.org/schema/context http://www.springframework.org/schema/context/spring-context.xsd">

	<!-- DispatcherServlet Context: defines this servlet's request-processing infrastructure -->
	
	<!-- Enables the Spring MVC @Controller programming model -->
	<annotation-driven />

	<!-- Handles HTTP GET requests for /resources/** by efficiently serving up static resources in the ${webappRoot}/resources directory -->
	<resources mapping="/resources/**" location="/resources/" />

	<!-- Resolves views selected for rendering by @Controllers to .jsp resources in the /WEB-INF/views directory -->
	<beans:bean class="org.springframework.web.servlet.view.InternalResourceViewResolver">
		<beans:property name="prefix" value="/WEB-INF/views/" />
		<beans:property name="suffix" value=".jsp" />
	</beans:bean>
	
	<context:component-scan base-package="edu.spring.ex04" >
		<context:exclude-filter type="annotation" expression="org.springframework.stereotype.Service"/>
		<context:exclude-filter type="annotation" expression="org.springframework.stereotype.Repository"/>
	</context:component-scan>
	
	
	<!--  Interceptor 클래스를 bean으로 관리 -->
	<beans:bean id="sample1" class="edu.spring.ex04.interceptor.SampleInterceptor"/>
	
	<beans:bean id="sample2" class="edu.spring.ex04.interceptor.SampleInterceptor2"/>
	
	<beans:bean id="loginInterceptor" class="edu.spring.ex04.interceptor.LoginInterceptor"/>
	
	<beans:bean id="authInterceptor" class="edu.spring.ex04.interceptor.AuthInterceptor"/>
	
	
	<!-- 인터셉터가 가로챌 URL 매핑 설정 -->
	<!-- 어떤 URL을 가로챌건디 설정 해줘야지 // 인터셉터가 가로챌 URL 매핑 설정-->
	<interceptors>
		<interceptor>
			<mapping path="/"/>
			<beans:ref bean="sample1"/>
		</interceptor>
		
		<interceptor>
			<mapping path="/test1"/>
			<mapping path="/test2"/>
			<beans:ref bean="sample2"/>
		</interceptor>
		
		<interceptor>
			<mapping path="/member/login-post"/>
			<beans:ref bean="loginInterceptor"/>
		</interceptor>
		
		<interceptor>
			<mapping path="/board/register"/>
			<mapping path="/board/test"/>
			<beans:ref bean="authInterceptor"/>
		</interceptor>
	</interceptors>
	
	
	
</beans:beans>
